title,url,thumbnail_url,channel_name,description,views_and_date
I Went UNDERCOVER in Courage's Hide & Seek!,https://www.youtube.com/watch?v=boPyM5Uihr8,https://i.ytimg.com/vi/boPyM5Uihr8/hqdefault.jpg?sqp=-oaymwEcCPYBEIoBSFXyq4qpAw4IARUAAIhCGAFwAcABBg==&rs=AOn4CLDv2kQZ4jpSEMpKQxNbe4yjZRaPzA,SypherPK,Today Courage hosted a Tilted Towers Hide and Seek so I decided to sneak in and try to win it! Hope you enjoy! ‚òÇÔ∏èCheck out Metal Umbrella! https://metalumbrella.com üê•Metal Umbrella...,"1M views
14 hours ago"
"GTFO w/ Bob, Sean, Wade - Part 6",https://www.youtube.com/watch?v=G4s0XgNJA6w,https://i.ytimg.com/vi/G4s0XgNJA6w/hqdefault.jpg?sqp=-oaymwEcCPYBEIoBSFXyq4qpAw4IARUAAIhCGAFwAcABBg==&rs=AOn4CLA7zT7FxLrGeXrz2EP1gANW0HWrxg,Markiplier,We're almost to the end of this... but it gets darker... and deeper... LISTEN TO DISTRACTIBLE ‚ñ∫‚ñ∫ https://open.spotify.com/show/2X40qLyoj1wQ2qE5FVpA7x Play GTFO ‚ñ∫ https://store.steampowered....,"703K views
11 hours ago"
Stay In The CIRCLE In Minecraft!,https://www.youtube.com/watch?v=TIY7MQ5OSJ4,https://i.ytimg.com/vi/TIY7MQ5OSJ4/hqdefault.jpg?sqp=-oaymwEcCPYBEIoBSFXyq4qpAw4IARUAAIhCGAFwAcABBg==&rs=AOn4CLCt7yG3GWUwKGtcfaA64Uag8iM0yA,Aphmau,Last one to leave the circle wins a GIANT prize! üíú Come take a look at my merch! üíú https://aphmeow.com/ ‚ñ∫ Instagram: https://www.instagram.com/aphmau_ ====. * ÔΩ• ÔΩ°Ôæü‚òÜ [Friends!]...,"1.3M views
13 hours ago"
FEBUARY,https://www.youtube.com/watch?v=8HN0DPus4Tc,https://i.ytimg.com/vi/8HN0DPus4Tc/hqdefault.jpg?sqp=-oaymwEcCPYBEIoBSFXyq4qpAw4IARUAAIhCGAFwAcABBg==&rs=AOn4CLA6e7mtn6XMhNOrD-UL2m06WlBU6w,IShowSpeed,Support the stream: https://streamlabs.com/ishowspeed snapchat: darrenwatkins1 twitter:IShowSpeed PSN: Yt-IShowSpeed CASHAPP: IShowSpeed PAYPAL: darrenwatkins915 BECOME A MEMBER RIGHT NOW...,"884K views
Streamed 5 hours ago"
100 Hours In Minecraft Hardcore: Episode 4 - DISASTER,https://www.youtube.com/watch?v=9Suva-zEr5o,,Grian,"Grian surviving 100 Hours In Minecraft Hardcore I am spending 100 hours in minecraft hardcore and trying to do all the minecraft things and still survive till the end, when do you think I will...","1.2M views
13 hours ago"
I HATE ROBLOX YOUTUBERS,https://www.youtube.com/watch?v=nTjUA-d0AtE,,Flamingo,USE STAR CODE FLAMINGO Go sub to @Denis lol today I play funny Roblox denis hate games,"879K views
9 hours ago"
"Youtuber Gets 3,500 Video Takedowns in a Week",https://www.youtube.com/watch?v=fhpaoYrgJB8,,penguinz0,This is the greatest nintendo move of All Time I stream every day https://www.twitch.tv/moistcr1tikal,"1M views
9 hours ago"
New SNIPER SHOTGUN in Fortnite! (Overpowered),https://www.youtube.com/watch?v=d2i5tX3nY8s,,TG Plays,"New Sniper Shotgun (Heavy Shotgun) only challenge in Fortnite Chapter 3, Season 1 gameplay with Typical Gamer! SUBSCRIBE & CLICK THE BELL! üîî Merch: https://typical.store Twitter: https://www.tw...","817K views
10 hours ago"
SIDEMEN COPS VS ROBBERS ON GTA 5,https://www.youtube.com/watch?v=ttn2nhcLEEU,,MoreSidemen,üçó: Order food NOW at: https://www.eatsides.com/ üé•: Access exclusive content at: https://www.sideplus.com/ üçπ: XIX Vodka: https://www.xixvodka.com/ üëâüèª: Subscribe to our Reacts...,"1.6M views
14 hours ago"
15 SECRETS In Fortnite's NEW UPDATE,https://www.youtube.com/watch?v=UlnXHcoe-ao,,Top5Gaming,15 SECRETS In Fortnite's NEW UPDATE Item Shop Code: T5G #UseCodeT5G #Fortnite Video Sources https://twitter.com/FortTory/status/1488467836897005570 https://twitter.com/Egyptian_Leaker/status/14884...,"780K views
16 hours ago"
